{"schemaVersion":"1.0","appDefinitionTemplate":{"id":"/providers/Microsoft.PowerApps/apps/","type":"Microsoft.PowerApps/apps","tags":{"primaryDeviceWidth":"640","primaryDeviceHeight":"1136","sienaVersion":"20201108T072701Z-3.20104.33.0","deviceCapabilities":"","supportsPortrait":"true","supportsLandscape":"false","primaryFormFactor":"Phone","publisherVersion":"3.20104.33","minimumRequiredApiVersion":"2.2.0","hasComponent":"false","hasUnlockedComponent":"false","isUnifiedRootApp":"false"},"properties":{"appVersion":"2020-11-08T07:27:01Z","lifeCycleId":"Published","createdByClientVersion":{"major":3,"minor":20104,"build":33,"revision":0,"majorRevision":0,"minorRevision":0},"minClientVersion":{"major":3,"minor":20104,"build":33,"revision":0,"majorRevision":0,"minorRevision":0},"backgroundColor":"rgba(0, 176, 240, 1)","backgroundImageUri":"/4311448491130500078/Na2350bf5-a34f-4f18-bb87-9647a36833f0-logoSmallFile","displayName":"ProjectStatus","description":"","commitMessage":"","appUris":{"documentUri":{"value":"/4311448491130500078/N3c7d168f-217f-437a-a378-1cde5af53f03-document.msapp","readonlyValue":"/4311448491130500078/N3c7d168f-217f-437a-a378-1cde5af53f03-document.msapp"},"imageUris":[]},"createdTime":"0001-01-01T00:00:00Z","lastModifiedTime":"0001-01-01T00:00:00Z","sharedGroupsCount":0,"sharedUsersCount":0,"icons":{"smallIconUri":"/4311448491130500078/Nfe385338-6fa1-4569-82c8-b81081d3c892-small.png","mediumIconUri":"/4311448491130500078/N428f28b1-afbd-4878-8676-9c51080580ad-medium.png","largeIconUri":"/4311448491130500078/N1aff514c-25eb-41f5-badf-bc5158ac6cb2-large.png","wideIconUri":"/4311448491130500078/Ne79b63f2-cfde-4b01-9dd1-b91827062272-wide.png"},"connectionReferences":{"0d68de61-420f-474d-ac30-2d4f3ae18687":{"id":"0eabfce6-2df5-4aed-b3c8-16831d557047","displayName":"SQL Server","iconUri":"https://connectoricons-prod.azureedge.net/releases/v1.0.1408/1.0.1408.2187/sql/icon.png","dataSources":["[dbo].[Tasks]","[dbo].[Clients]","[dbo].[MilestoneType]","[dbo].[Phase]","[dbo].[PhaseResources]","[dbo].[Project]","[dbo].[RAGStatus]","[dbo].[Resources]","[dbo].[TaskResources]","[dbo].[Tasks]_1","[dbo].[Timesheets]"],"dependencies":[],"dependents":[],"parameterHints":{},"isOnPremiseConnection":false,"sharedConnectionId":"78a96b52-9130-42f6-8d7c-a805e17ba322","bypassConsent":false,"dataSets":{"projectdataanalytics.database.windows.net,Challenge9b":{"dataSources":{"[dbo].[Tasks]":{"tableName":"[dbo].[Tasks]"},"[dbo].[Clients]":{"tableName":"[dbo].[Clients]"},"[dbo].[MilestoneType]":{"tableName":"[dbo].[MilestoneType]"},"[dbo].[Phase]":{"tableName":"[dbo].[Phase]"},"[dbo].[PhaseResources]":{"tableName":"[dbo].[PhaseResources]"},"[dbo].[Project]":{"tableName":"[dbo].[Project]"},"[dbo].[RAGStatus]":{"tableName":"[dbo].[RAGStatus]"},"[dbo].[Resources]":{"tableName":"[dbo].[Resources]"},"[dbo].[TaskResources]":{"tableName":"[dbo].[TaskResources]"},"[dbo].[Tasks]_1":{"tableName":"[dbo].[Tasks]"},"[dbo].[Timesheets]":{"tableName":"[dbo].[Timesheets]"}}}},"apiTier":"Premium","isCustomApiConnection":false,"authenticationType":"sqlAuthentication"}},"databaseReferences":{},"almMode":"Environment","performanceOptimizationEnabled":true,"canConsumeAppPass":true,"executionRestrictions":{"isTeamsOnly":false,"dataLossPreventionEvaluationResult":{"status":"Compliant","lastEvaluationDate":"2020-11-07T14:55:04.7091626Z","violationDetails":[]}}},"isAppComponentLibrary":false,"appType":"ClassicCanvasApp","appComponents":[]}}